i,j,label_i,label_j,pearson,spearman,signed_diff,absdiff,signed_ratio,abs_ratio,mean_abs_strength,abs_dominance,sign_agreement,sign_relation
0,1,канал[0],канал[1],0.996744543065392,0.9958234198234199,0.0009211232419720217,0.0009211232419720217,1.0009249865223449,1.0009249865223449,0.996283981444406,0.0009211232419720217,1.0,знак совпадает
0,2,канал[0],канал[2],0.9964862057047851,0.9956226116226117,0.0008635940821734023,0.0008635940821734023,1.000867390989409,1.000867390989409,0.9960544086636984,0.0008635940821734023,1.0,знак совпадает
0,3,канал[0],канал[3],-0.04731142084567509,-0.05062352662352662,0.003312105777851529,0.003312105777851529,0.9345737841916317,0.9345737841916317,0.04896747373460086,-0.003312105777851529,1.0,знак совпадает
0,4,канал[0],канал[4],0.9964991214895893,0.9955617835617835,0.0009373379278058147,0.0009373379278058147,1.0009415165821778,1.0009415165821778,0.9960304525256864,0.0009373379278058147,1.0,знак совпадает
0,5,канал[0],канал[5],0.9967111155453221,0.9957257757257758,0.0009853398195462937,0.0009853398195462937,1.000989569461359,1.000989569461359,0.996218445635549,0.0009853398195462937,1.0,знак совпадает
0,6,канал[0],канал[6],0.996818081380706,0.9960471600471601,0.0007709213335459486,0.0007709213335459486,1.0007739807555993,1.0007739807555993,0.9964326207139331,0.0007709213335459486,1.0,знак совпадает
0,7,канал[0],канал[7],0.997149987871679,0.9963765723765724,0.0007734154951065664,0.0007734154951065664,1.0007762281014514,1.0007762281014514,0.9967632801241257,0.0007734154951065664,1.0,знак совпадает
0,8,канал[0],канал[8],0.9969016543838694,0.9958296478296479,0.0010720065542214607,0.0010720065542214607,1.0010764959213234,1.0010764959213234,0.9963656511067587,0.0010720065542214607,1.0,знак совпадает
0,9,канал[0],канал[9],0.9959729117302751,0.9953592593592595,0.0006136523710156272,0.0006136523710156272,1.0006165134500389,1.0006165134500389,0.9956660855447673,0.0006136523710156272,1.0,знак совпадает
0,10,канал[0],канал[10],0.9959888758155878,0.9947154707154707,0.0012734051001170865,0.0012734051001170865,1.0012801701970124,1.0012801701970124,0.9953521732655293,0.0012734051001170865,1.0,знак совпадает
0,11,канал[0],канал[11],0.9963962335647637,0.9953426393426393,0.0010535942221243655,0.0010535942221243655,1.0010585241508594,1.0010585241508594,0.9958694364537015,0.0010535942221243655,1.0,знак совпадает
0,12,канал[0],канал[12],0.9971593202930855,0.9963490083490083,0.0008103119440772133,0.0008103119440772133,1.0008132812270472,1.0008132812270472,0.9967541643210469,0.0008103119440772133,1.0,знак совпадает
0,13,канал[0],канал[13],0.99622700543457,0.9951961791961792,0.0010308262383907918,0.0010308262383907918,1.001035802045807,1.001035802045807,0.9957115923153745,0.0010308262383907918,1.0,знак совпадает
0,14,канал[0],канал[14],0.995916116230303,0.994883086883087,0.0010330293472159413,0.0010330293472159413,1.0010383424553455,1.0010383424553455,0.995399601556695,0.0010330293472159413,1.0,знак совпадает
0,15,канал[0],канал[15],0.9968204850069601,0.9960154800154801,0.0008050049914799517,0.0008050049914799517,1.0008082253816653,1.0008082253816653,0.99641798251122,0.0008050049914799517,1.0,знак совпадает
0,16,канал[0],канал[16],0.9910015498167563,0.9877167637167639,0.0032847860999923872,0.0032847860999923872,1.003325635668703,1.003325635668703,0.9893591567667601,0.0032847860999923872,1.0,знак совпадает
0,17,канал[0],канал[17],0.9915386421918018,0.989890601890602,0.0016480403011998046,0.0016480403011998046,1.0016648711464198,1.0016648711464198,0.9907146220412019,0.0016480403011998046,1.0,знак совпадает
0,18,канал[0],канал[18],0.9904196579564882,0.9870294270294272,0.003390230927061033,0.003390230927061033,1.0034347820178617,1.0034347820178617,0.9887245424929577,0.003390230927061033,1.0,знак совпадает
0,19,канал[0],канал[19],-0.1023414504045779,-0.1022805782805783,-6.087212399960573e-05,6.087212399960573e-05,1.0005951484145175,1.0005951484145175,0.1023110143425781,6.087212399960573e-05,1.0,знак совпадает
1,2,канал[1],канал[2],0.9961528059569542,0.9948898548898549,0.0012629510670992827,0.0012629510670992827,1.0012694380798959,1.0012694380798959,0.9955213304234045,0.0012629510670992827,1.0,знак совпадает
1,3,канал[1],канал[3],-0.04855121228071908,-0.047518967518967524,-0.0010322447617515593,0.0010322447617515593,1.0217227944049823,1.0217227944049823,0.0480350898998433,0.0010322447617515593,1.0,знак совпадает
1,4,канал[1],канал[4],0.9968415747684446,0.9959574239574239,0.0008841508110206675,0.0008841508110206675,1.0008877395657212,1.0008877395657212,0.9963994993629343,0.0008841508110206675,1.0,знак совпадает
1,5,канал[1],канал[5],0.9968306817458245,0.9960831480831482,0.0007475336626762141,0.0007475336626762141,1.0007504731548915,1.0007504731548915,0.9964569149144864,0.0007475336626762141,1.0,знак совпадает
1,6,канал[1],канал[6],0.9965822684572824,0.9957467637467639,0.0008355047105185198,0.0008355047105185198,1.0008390734882981,1.0008390734882981,0.9961645161020232,0.0008355047105185198,1.0,знак совпадает
1,7,канал[1],канал[7],0.99764863253747,0.9968170568170568,0.0008315757204132579,0.0008315757204132579,1.0008342310303844,1.0008342310303844,0.9972328446772634,0.0008315757204132579,1.0,знак совпадает
1,8,канал[1],канал[8],0.9967838316199467,0.9958441318441319,0.0009396997758147618,0.0009396997758147618,1.0009436213417,1.0009436213417,0.9963139817320392,0.0009396997758147618,1.0,знак совпадает
1,9,канал[1],канал[9],0.9963257049957752,0.9955003195003195,0.0008253854954557438,0.0008253854954557438,1.0008291162536944,1.0008291162536944,0.9959130122480473,0.0008253854954557438,1.0,знак совпадает
1,10,канал[1],канал[10],0.996727171486574,0.9954330474330476,0.0012941240535263576,0.0012941240535263576,1.001300061372147,1.001300061372147,0.9960801094598108,0.0012941240535263576,1.0,знак совпадает
1,11,канал[1],канал[11],0.9969877729157305,0.99597737997738,0.0010103929383504795,0.0010103929383504795,1.001014473780894,1.001014473780894,0.9964825764465552,0.0010103929383504795,1.0,знак совпадает
1,12,канал[1],канал[12],0.9970383269171075,0.9961681081681082,0.0008702187489992852,0.0008702187489992852,1.0008735661600325,1.0008735661600325,0.9966032175426078,0.0008702187489992852,1.0,знак совпадает
1,13,канал[1],канал[13],0.9968400680548903,0.9958397518397519,0.0010003162151384082,0.0010003162151384082,1.0010044951642976,1.0010044951642976,0.9963399099473211,0.0010003162151384082,1.0,знак совпадает
1,14,канал[1],канал[14],0.9963885588235789,0.9956678156678156,0.0007207431557633148,0.0007207431557633148,1.0007238791336044,1.0007238791336044,0.9960281872456973,0.0007207431557633148,1.0,знак совпадает
1,15,канал[1],канал[15],0.9970416347064445,0.9960576360576362,0.0009839986488082708,0.0009839986488082708,1.0009878932836687,1.0009878932836687,0.9965496353820403,0.0009839986488082708,1.0,знак совпадает
1,16,канал[1],канал[16],0.991314649143288,0.9884192084192085,0.0028954407240795454,0.0028954407240795454,1.0029293650906586,1.0029293650906586,0.9898669287812483,0.0028954407240795454,1.0,знак совпадает
1,17,канал[1],канал[17],0.9921630061929666,0.990022806022806,0.002140200170160589,0.002140200170160589,1.0021617685543613,1.0021617685543613,0.9910929061078864,0.002140200170160589,1.0,знак совпадает
1,18,канал[1],канал[18],0.9908198122054247,0.9878204198204199,0.0029993923850047954,0.0029993923850047954,1.0030363741473882,1.0030363741473882,0.9893201160129224,0.0029993923850047954,1.0,знак совпадает
1,19,канал[1],канал[19],-0.10463663311357971,-0.10525680925680926,0.0006201761432295533,0.0006201761432295533,0.9941079712789277,0.9941079712789277,0.10494672118519449,-0.0006201761432295533,1.0,знак совпадает
2,3,канал[2],канал[3],-0.051398656463394046,-0.05277252477252478,0.0013738683091307352,0.0013738683091307352,0.9739662198264575,0.9739662198264575,0.052085590617959414,-0.0013738683091307352,1.0,знак совпадает
2,4,канал[2],канал[4],0.9960449987449095,0.9948282108282108,0.0012167879166986584,0.0012167879166986584,1.0012231136023833,1.0012231136023833,0.9954366047865602,0.0012167879166986584,1.0,знак совпадает
2,5,канал[2],канал[5],0.9958092986052525,0.9946559746559748,0.0011533239492776959,0.0011533239492776959,1.0011595204559813,1.0011595204559813,0.9952326366306137,0.0011533239492776959,1.0,знак совпадает
2,6,канал[2],канал[6],0.9962199399827574,0.9951291951291952,0.0010907448535621977,0.0010907448535621977,1.0010960836632077,1.0010960836632077,0.9956745675559763,0.0010907448535621977,1.0,знак совпадает
2,7,канал[2],канал[7],0.9966501638033134,0.995941835941836,0.0007083278614773425,0.0007083278614773425,1.0007112140849144,1.0007112140849144,0.9962959998725747,0.0007083278614773425,1.0,знак совпадает
2,8,канал[2],канал[8],0.9965125469979107,0.9956682956682957,0.0008442513296149645,0.0008442513296149645,1.0008479242869215,1.0008479242869215,0.9960904213331032,0.0008442513296149645,1.0,знак совпадает
2,9,канал[2],канал[9],0.995586659847583,0.9944803784803785,0.0011062813672044758,0.0011062813672044758,1.0011124215129261,1.0011124215129261,0.9950335191639808,0.0011062813672044758,1.0,знак совпадает
2,10,канал[2],канал[10],0.995958757375428,0.9947346947346948,0.00122406264073327,0.00122406264073327,1.0012305418190524,1.0012305418190524,0.9953467260550615,0.00122406264073327,1.0,знак совпадает
2,11,канал[2],канал[11],0.9960352710189682,0.9948876108876108,0.0011476601313573642,0.0011476601313573642,1.001153557566501,1.001153557566501,0.9954614409532895,0.0011476601313573642,1.0,знак совпадает
2,12,канал[2],канал[12],0.99685195204255,0.9961939441939441,0.0006580078486058127,0.0006580078486058127,1.0006605218315578,1.0006605218315578,0.996522948118247,0.0006580078486058127,1.0,знак совпадает
2,13,канал[2],канал[13],0.9960176321186134,0.994904542904543,0.001113089214070384,0.001113089214070384,1.001118789960312,1.001118789960312,0.9954610875115781,0.001113089214070384,1.0,знак совпадает
2,14,канал[2],канал[14],0.9953066251092523,0.9941437061437062,0.0011629189655461003,0.0011629189655461003,1.0011697694793613,1.0011697694793613,0.9947251656264793,0.0011629189655461003,1.0,знак совпадает
2,15,канал[2],канал[15],0.9969837688659972,0.9962708642708644,0.0007129045951327351,0.0007129045951327351,1.0007155730642132,1.0007155730642132,0.9966273165684307,0.0007129045951327351,1.0,знак совпадает
2,16,канал[2],канал[16],0.9902234251077979,0.9873069633069634,0.002916461800834491,0.002916461800834491,1.0029539564788097,1.0029539564788097,0.9887651942073807,0.002916461800834491,1.0,знак совпадает
2,17,канал[2],канал[17],0.991102885532607,0.9889305169305169,0.0021723686020900246,0.0021723686020900246,1.0021966847669266,1.0021966847669266,0.9900167012315619,0.0021723686020900246,1.0,знак совпадает
2,18,канал[2],канал[18],0.9893374860560314,0.9859975819975823,0.0033399040584491946,0.0033399040584491946,1.0033873349381677,1.0033873349381677,0.9876675340268068,0.0033399040584491946,1.0,знак совпадает
2,19,канал[2],канал[19],-0.10867411301843907,-0.10796133596133596,-0.0007127770571031117,0.0007127770571031117,1.0066021511382406,1.0066021511382406,0.10831772448988752,0.0007127770571031117,1.0,знак совпадает
3,4,канал[3],канал[4],-0.04270543954304543,-0.04417473217473218,0.0014692926316867486,0.0014692926316867486,0.9667390709721795,0.9667390709721795,0.04344008585888881,-0.0014692926316867486,1.0,знак совпадает
3,5,канал[3],канал[5],-0.04030669552338368,-0.03985782385782386,-0.00044887166555981906,0.00044887166555981906,1.011261820694501,1.011261820694501,0.04008225969060377,0.00044887166555981906,1.0,знак совпадает
3,6,канал[3],канал[6],-0.052500465775283035,-0.05572344772344773,0.0032229819481646924,0.0032229819481646924,0.942161117449872,0.942161117449872,0.05411195674936538,-0.0032229819481646924,1.0,знак совпадает
3,7,канал[3],канал[7],-0.0485889962206401,-0.04685153885153886,-0.0017374573691012404,0.0017374573691012404,1.037084318075588,1.037084318075588,0.047720267536089475,0.0017374573691012404,1.0,знак совпадает
3,8,канал[3],канал[8],-0.049180245002780044,-0.04902049302049302,-0.0001597519822870222,0.0001597519822870222,1.0032588815910162,1.0032588815910162,0.04910036901163653,0.0001597519822870222,1.0,знак совпадает
3,9,канал[3],канал[9],-0.05158741955228953,-0.05152809952809954,-5.932002418999188e-05,5.932002418999188e-05,1.00115121700069,1.00115121700069,0.05155775954019454,5.932002418999188e-05,1.0,знак совпадает
3,10,канал[3],канал[10],-0.052691817757666994,-0.05530770730770731,0.002615889550040315,0.002615889550040315,0.952702983410853,0.952702983410853,0.05399976253268715,-0.002615889550040315,1.0,знак совпадает
3,11,канал[3],канал[11],-0.04667539945363505,-0.04627447027447028,-0.00040092917916477455,0.00040092917916477455,1.0086641549171005,1.0086641549171005,0.046474934864052665,0.00040092917916477455,1.0,знак совпадает
3,12,канал[3],канал[12],-0.05206335923001789,-0.05241770841770842,0.00035434918769052665,0.00035434918769052665,0.9932398954783225,0.9932398954783225,0.05224053382386315,-0.00035434918769052665,1.0,знак совпадает
3,13,канал[3],канал[13],-0.054680947221239354,-0.055730743730743736,0.0010497965095043818,0.0010497965095043818,0.9811630629841162,0.9811630629841162,0.05520584547599154,-0.0010497965095043818,1.0,знак совпадает
3,14,канал[3],канал[14],-0.04695601010032685,-0.048297792297792304,0.0013417821974654534,0.0013417821974654534,0.9722185604428386,0.9722185604428386,0.047626901199059574,-0.0013417821974654534,1.0,знак совпадает
3,15,канал[3],канал[15],-0.05248927457568456,-0.053172257172257174,0.0006829825965726163,0.0006829825965726163,0.9871552829822511,0.9871552829822511,0.05283076587397087,-0.0006829825965726163,1.0,знак совпадает
3,16,канал[3],канал[16],-0.048172159934399446,-0.05358636558636559,0.005414205651966146,0.005414205651966146,0.8989629993987925,0.8989629993987925,0.050879262760382515,-0.005414205651966146,1.0,знак совпадает
3,17,канал[3],канал[17],-0.05478807053391216,-0.05402038202038202,-0.0007676885135301376,0.0007676885135301376,1.0142110900519083,1.0142110900519083,0.05440422627714709,0.0007676885135301376,1.0,знак совпадает
3,18,канал[3],канал[18],-0.037683161568928335,-0.04223515823515824,0.004551996666229907,0.004551996666229907,0.8922225734094529,0.8922225734094529,0.03995915990204329,-0.004551996666229907,1.0,знак совпадает
3,19,канал[3],канал[19],0.03306276894479654,0.00815093615093615,0.02491183279386039,0.02491183279386039,4.056315536344769,4.056315536344769,0.020606852547866344,0.02491183279386039,1.0,знак совпадает
4,5,канал[4],канал[5],0.9965528566760176,0.9957840477840478,0.00076880889196973,0.00076880889196973,1.0007720638763802,1.0007720638763802,0.9961684522300327,0.00076880889196973,1.0,знак совпадает
4,6,канал[4],канал[6],0.9966166164353437,0.99586343986344,0.0007531765719037686,0.0007531765719037686,1.0007563050733213,1.0007563050733213,0.9962400281493918,0.0007531765719037686,1.0,знак совпадает
4,7,канал[4],канал[7],0.9972984843074904,0.9965559725559725,0.0007425117515178492,0.0007425117515178492,1.0007450778199778,1.0007450778199778,0.9969272284317314,0.0007425117515178492,1.0,знак совпадает
4,8,канал[4],канал[8],0.9970399563564581,0.9962068922068922,0.0008330641495659652,0.0008330641495659652,1.00083623608317,1.00083623608317,0.9966234242816752,0.0008330641495659652,1.0,знак совпадает
4,9,канал[4],канал[9],0.9961061110775951,0.9952364992364992,0.0008696118410959075,0.0008696118410959075,1.0008737740645193,1.0008737740645193,0.9956713051570472,0.0008696118410959075,1.0,знак совпадает
4,10,канал[4],канал[10],0.9966755577451067,0.9956151476151477,0.0010604101299590551,0.0010604101299590551,1.001065080350072,1.001065080350072,0.9961453526801272,0.0010604101299590551,1.0,знак совпадает
4,11,канал[4],канал[11],0.9966221929733731,0.9956246156246158,0.0009975773487572726,0.0009975773487572726,1.0010019613146381,1.0010019613146381,0.9961234042989944,0.0009975773487572726,1.0,знак совпадает
4,12,канал[4],канал[12],0.9971192155938476,0.9963940083940085,0.0007252071998391507,0.0007252071998391507,1.0007278317550383,1.0007278317550383,0.9967566119939281,0.0007252071998391507,1.0,знак совпадает
4,13,канал[4],канал[13],0.9960791620882266,0.9949511149511149,0.0011280471371116763,0.0011280471371116763,1.0011337714186763,1.0011337714186763,0.9955151385196708,0.0011280471371116763,1.0,знак совпадает
4,14,канал[4],канал[14],0.9963213672561254,0.9955003195003195,0.000821047755805937,0.000821047755805937,1.0008247589073784,1.0008247589073784,0.9959108433782224,0.000821047755805937,1.0,знак совпадает
4,15,канал[4],канал[15],0.9968031452260656,0.9957312117312119,0.001071933494853683,0.001071933494853683,1.001076528969088,1.001076528969088,0.9962671784786388,0.001071933494853683,1.0,знак совпадает
4,16,канал[4],канал[16],0.9909468669864591,0.9879369999369998,0.0030098670494592694,0.0030098670494592694,1.0030466184075009,1.0030466184075009,0.9894419334617295,0.0030098670494592694,1.0,знак совпадает
4,17,канал[4],канал[17],0.9913546072427598,0.9893324573324573,0.002022149910302473,0.002022149910302473,1.0020439538754797,1.0020439538754797,0.9903435322876086,0.002022149910302473,1.0,знак совпадает
4,18,канал[4],канал[18],0.9904350583175419,0.9874212634212634,0.00301379489627851,0.00301379489627851,1.0030521875595793,1.0030521875595793,0.9889281608694026,0.00301379489627851,1.0,знак совпадает
4,19,канал[4],канал[19],-0.10784999025808027,-0.10861208461208462,0.0007620943540043446,0.0007620943540043446,0.9929833373815978,0.9929833373815978,0.10823103743508244,-0.0007620943540043446,1.0,знак совпадает
5,6,канал[5],канал[6],0.9965254256500983,0.9955285195285197,0.0009969061215785446,0.0009969061215785446,1.0010013837896383,1.0010013837896383,0.996026972589309,0.0009969061215785446,1.0,знак совпадает
5,7,канал[5],канал[7],0.9975026269315082,0.9970017970017973,0.0005008299297108998,0.0005008299297108998,1.0005023360351175,1.0005023360351175,0.9972522119666527,0.0005008299297108998,1.0,знак совпадает
5,8,канал[5],канал[8],0.9967216702980147,0.996025392025392,0.0006962782726227523,0.0006962782726227523,1.0006990567491527,1.0006990567491527,0.9963735311617034,0.0006962782726227523,1.0,знак совпадает
5,9,канал[5],канал[9],0.996896588457956,0.9964940284940286,0.0004025599639274624,0.0004025599639274624,1.0004039762933008,1.0004039762933008,0.9966953084759923,0.0004025599639274624,1.0,знак совпадает
5,10,канал[5],канал[10],0.99673266171011,0.9956765636765639,0.0010560980335461156,0.0010560980335461156,1.0010606838325555,1.0010606838325555,0.9962046126933369,0.0010560980335461156,1.0,знак совпадает
5,11,канал[5],канал[11],0.9972569385522391,0.9964067524067526,0.0008501861454864867,0.0008501861454864867,1.0008532520915108,1.0008532520915108,0.9968318454794958,0.0008501861454864867,1.0,знак совпадает
5,12,канал[5],канал[12],0.9965888407746407,0.9957374157374159,0.0008514250372247956,0.0008514250372247956,1.0008550698444874,1.0008550698444874,0.9961631282560284,0.0008514250372247956,1.0,знак совпадает
5,13,канал[5],канал[13],0.9971519908208291,0.9963800523800526,0.0007719384407764984,0.0007719384407764984,1.000774742969746,1.000774742969746,0.9967660216004408,0.0007719384407764984,1.0,знак совпадает
5,14,канал[5],канал[14],0.9961810424717998,0.9954546834546835,0.0007263590171163736,0.0007263590171163736,1.000729675623802,1.000729675623802,0.9958178629632417,0.0007263590171163736,1.0,знак совпадает
5,15,канал[5],канал[15],0.9972066616013755,0.9967174087174088,0.0004892528839667287,0.0004892528839667287,1.0004908641904793,1.0004908641904793,0.9969620351593922,0.0004892528839667287,1.0,знак совпадает
5,16,канал[5],канал[16],0.9914034809312213,0.9880592440592442,0.0033442368719771576,0.0033442368719771576,1.003384652177574,1.003384652177574,0.9897313624952327,0.0033442368719771576,1.0,знак совпадает
5,17,канал[5],канал[17],0.991558531878649,0.9900253620253621,0.0015331698532868865,0.0015331698532868865,1.0015486167446765,1.0015486167446765,0.9907919469520055,0.0015331698532868865,1.0,знак совпадает
5,18,канал[5],канал[18],0.9908443136956439,0.9876756396756398,0.003168674020004092,0.003168674020004092,1.0032082131954219,1.0032082131954219,0.9892599766856418,0.003168674020004092,1.0,знак совпадает
5,19,канал[5],канал[19],-0.11993782509390644,-0.11964207564207566,-0.00029574945183077905,0.00029574945183077905,1.0024719518634526,1.0024719518634526,0.11978995036799105,0.00029574945183077905,1.0,знак совпадает
6,7,канал[6],канал[7],0.9969431350933593,0.9961991401991405,0.0007439948942188357,0.0007439948942188357,1.000746833503661,1.000746833503661,0.9965711376462498,0.0007439948942188357,1.0,знак совпадает
6,8,канал[6],канал[8],0.9969332730236123,0.9960753240753241,0.0008579489482882785,0.0008579489482882785,1.0008613293869966,1.0008613293869966,0.9965042985494682,0.0008579489482882785,1.0,знак совпадает
6,9,канал[6],канал[9],0.9960195882166084,0.9952689832689834,0.0007506049476250221,0.0007506049476250221,1.0007541729524814,1.0007541729524814,0.9956442857427958,0.0007506049476250221,1.0,знак совпадает
6,10,канал[6],канал[10],0.9963839467332797,0.9954565314565316,0.0009274152767481114,0.0009274152767481114,1.0009316481909976,1.0009316481909976,0.9959202390949056,0.0009274152767481114,1.0,знак совпадает
6,11,канал[6],канал[11],0.996470979834109,0.9957873717873718,0.0006836080467372829,0.0006836080467372829,1.000686500016073,1.000686500016073,0.9961291758107405,0.0006836080467372829,1.0,знак совпадает
6,12,канал[6],канал[12],0.9968753106310271,0.9962365322365324,0.0006387783944946657,0.0006387783944946657,1.0006411914980278,1.0006411914980278,0.9965559214337798,0.0006387783944946657,1.0,знак совпадает
6,13,канал[6],канал[13],0.9960555872278344,0.9954573234573235,0.0005982637705108651,0.0005982637705108651,1.0006009938913634,1.0006009938913634,0.995756455342579,0.0005982637705108651,1.0,знак совпадает
6,14,канал[6],канал[14],0.9966484126679976,0.9960915240915242,0.0005568885764734022,0.0005568885764734022,1.000559073702571,1.000559073702571,0.9963699683797609,0.0005568885764734022,1.0,знак совпадает
6,15,канал[6],канал[15],0.9965861664425217,0.9957523437523437,0.0008338226901780654,0.0008338226901780654,1.0008373795908287,1.0008373795908287,0.9961692550974327,0.0008338226901780654,1.0,знак совпадает
6,16,канал[6],канал[16],0.9910911486982195,0.9883895923895925,0.0027015563086270067,0.0027015563086270067,1.0027332909304474,1.0027332909304474,0.989740370543906,0.0027015563086270067,1.0,знак совпадает
6,17,канал[6],канал[17],0.9912093782386503,0.9893592053592054,0.001850172879444889,0.001850172879444889,1.0018700719308242,1.0018700719308242,0.9902842917989279,0.001850172879444889,1.0,знак совпадает
6,18,канал[6],канал[18],0.990679213430493,0.9875114435114436,0.0031677699190494346,0.0031677699190494346,1.0032078310989343,1.0032078310989343,0.9890953284709683,0.0031677699190494346,1.0,знак совпадает
6,19,канал[6],канал[19],-0.103386407746985,-0.10444104844104844,0.0010546406940634412,0.0010546406940634412,0.9899020479992717,0.9899020479992717,0.10391372809401672,-0.0010546406940634412,1.0,знак совпадает
7,8,канал[7],канал[8],0.9976788542955883,0.996974568974569,0.0007042853210192934,0.0007042853210192934,1.0007064225537303,1.0007064225537303,0.9973267116350787,0.0007042853210192934,1.0,знак совпадает
7,9,канал[7],канал[9],0.9973640687184926,0.9967112287112286,0.0006528400072639551,0.0006528400072639551,1.0006549941331635,1.0006549941331635,0.9970376487148607,0.0006528400072639551,1.0,знак совпадает
7,10,канал[7],канал[10],0.9973141642414184,0.9963609003609005,0.0009532638805178628,0.0009532638805178628,1.0009567455729873,1.0009567455729873,0.9968375323011595,0.0009532638805178628,1.0,знак совпадает
7,11,канал[7],канал[11],0.9973952249646552,0.9965777525777526,0.0008174723869025513,0.0008174723869025513,1.0008202795866032,1.0008202795866032,0.9969864887712039,0.0008174723869025513,1.0,знак совпадает
7,12,канал[7],канал[12],0.9974529046171036,0.996785928785929,0.0006669758311745877,0.0006669758311745877,1.0006691264512402,1.0006691264512402,0.9971194167015163,0.0006669758311745877,1.0,знак совпадает
7,13,канал[7],канал[13],0.9971777125270387,0.9963687603687604,0.0008089521582782533,0.0008089521582782533,1.0008119003630531,1.0008119003630531,0.9967732364478996,0.0008089521582782533,1.0,знак совпадает
7,14,канал[7],канал[14],0.9970217090817673,0.9963352443352443,0.0006864647465230078,0.0006864647465230078,1.0006889897255227,1.0006889897255227,0.9966784767085058,0.0006864647465230078,1.0,знак совпадает
7,15,канал[7],канал[15],0.9976697889937045,0.9969811689811692,0.0006886200125353348,0.0006886200125353348,1.0006907051346206,1.0006907051346206,0.9973254789874368,0.0006886200125353348,1.0,знак совпадает
7,16,канал[7],канал[16],0.9918858736132051,0.9894056334056335,0.002480240207571649,0.002480240207571649,1.0025067981461095,1.0025067981461095,0.9906457535094193,0.002480240207571649,1.0,знак совпадает
7,17,канал[7],канал[17],0.9925031861029318,0.9904211584211585,0.0020820276817732353,0.0020820276817732353,1.0021021639774863,1.0021021639774863,0.9914621722620451,0.0020820276817732353,1.0,знак совпадает
7,18,канал[7],канал[18],0.9911499983771802,0.9885206445206446,0.002629353856535621,0.002629353856535621,1.002659887652433,1.002659887652433,0.9898353214489124,0.002629353856535621,1.0,знак совпадает
7,19,канал[7],канал[19],-0.10725102355137411,-0.10638855438855441,-0.0008624691628197068,0.0008624691628197068,1.0081067852437375,1.0081067852437375,0.10681978896996426,0.0008624691628197068,1.0,знак совпадает
8,9,канал[8],канал[9],0.9965694142144732,0.9959007839007841,0.0006686303136891336,0.0006686303136891336,1.0006713824554594,1.0006713824554594,0.9962350990576286,0.0006686303136891336,1.0,знак совпадает
8,10,канал[8],канал[10],0.9967605498987899,0.9956518076518077,0.0011087422469822084,0.0011087422469822084,1.0011135843258268,1.0011135843258268,0.9962061787752988,0.0011087422469822084,1.0,знак совпадает
8,11,канал[8],канал[11],0.996932674548746,0.9960585480585481,0.0008741264901979129,0.0008741264901979129,1.0008775854510779,1.0008775854510779,0.996495611303647,0.0008741264901979129,1.0,знак совпадает
8,12,канал[8],канал[12],0.9972590514612989,0.9967311727311727,0.0005278787301261634,0.0005278787301261634,1.0005296099335186,1.0005296099335186,0.9969951120962358,0.0005278787301261634,1.0,знак совпадает
8,13,канал[8],канал[13],0.9966671540430928,0.9957023637023638,0.0009647903407290492,0.0009647903407290492,1.0009689545549953,1.0009689545549953,0.9961847588727283,0.0009647903407290492,1.0,знак совпадает
8,14,канал[8],канал[14],0.9963975860901916,0.9953917193917196,0.0010058666984720244,0.0010058666984720244,1.0010105234742024,1.0010105234742024,0.9958946527409556,0.0010058666984720244,1.0,знак совпадает
8,15,канал[8],канал[15],0.9971344766579192,0.9961120441120441,0.001022432545875085,0.001022432545875085,1.0010264232341317,1.0010264232341317,0.9966232603849816,0.001022432545875085,1.0,знак совпадает
8,16,канал[8],канал[16],0.9917416130808989,0.9887117807117808,0.003029832369118135,0.003029832369118135,1.0030644242621818,1.0030644242621818,0.9902266968963398,0.003029832369118135,1.0,знак совпадает
8,17,канал[8],канал[17],0.9916107116837086,0.9897462897462898,0.0018644219374188697,0.0018644219374188697,1.0018837372332023,1.0018837372332023,0.9906785007149992,0.0018644219374188697,1.0,знак совпадает
8,18,канал[8],канал[18],0.9910220695425219,0.9876061596061597,0.0034159099363622047,0.0034159099363622047,1.0034587774723118,1.0034587774723118,0.9893141145743408,0.0034159099363622047,1.0,знак совпадает
8,19,канал[8],канал[19],-0.10394775393571866,-0.1045942165942166,0.0006464626584979372,0.0006464626584979372,0.9938193269231514,0.9938193269231514,0.10427098526496763,-0.0006464626584979372,1.0,знак совпадает
9,10,канал[9],канал[10],0.9964452825366146,0.9953032913032914,0.0011419912333231474,0.0011419912333231474,1.0011473801436221,1.0011473801436221,0.9958742869199531,0.0011419912333231474,1.0,знак совпадает
9,11,канал[9],канал[11],0.9966730418842978,0.9960272880272881,0.0006457538570097121,0.0006457538570097121,1.0006483294833104,1.0006483294833104,0.996350164955793,0.0006457538570097121,1.0,знак совпадает
9,12,канал[9],канал[12],0.9964411867859326,0.9954719154719155,0.0009692713140171394,0.0009692713140171394,1.0009736802203582,1.0009736802203582,0.9959565511289241,0.0009692713140171394,1.0,знак совпадает
9,13,канал[9],канал[13],0.99639986701028,0.9957568437568438,0.0006430232534362368,0.0006430232534362368,1.0006457633281336,1.0006457633281336,0.9960783553835619,0.0006430232534362368,1.0,знак совпадает
9,14,канал[9],канал[14],0.9960723078562792,0.9951023751023752,0.0009699327539040015,0.0009699327539040015,1.00097470650073,1.00097470650073,0.9955873414793273,0.0009699327539040015,1.0,знак совпадает
9,15,канал[9],канал[15],0.9965411952416238,0.9956807996807997,0.0008603955608240677,0.0008603955608240677,1.0008641279023356,1.0008641279023356,0.9961109974612117,0.0008603955608240677,1.0,знак совпадает
9,16,канал[9],канал[16],0.9906951724014881,0.988033924033924,0.0026612483675640952,0.0026612483675640952,1.0026934787387651,1.0026934787387651,0.989364548217706,0.0026612483675640952,1.0,знак совпадает
9,17,канал[9],канал[17],0.9921076416116799,0.9905272265272265,0.0015804150844533904,0.0015804150844533904,1.001595529170858,1.001595529170858,0.9913174340694532,0.0015804150844533904,1.0,знак совпадает
9,18,канал[9],канал[18],0.9895633414940267,0.9866193506193507,0.0029439908746760057,0.0029439908746760057,1.0029839176302673,1.0029839176302673,0.9880913460566887,0.0029439908746760057,1.0,знак совпадает
9,19,канал[9],канал[19],-0.11335386438981872,-0.11244277644277646,-0.000911087947042255,0.000911087947042255,1.00810268098908,1.00810268098908,0.11289832041629759,0.000911087947042255,1.0,знак совпадает
10,11,канал[10],канал[11],0.9966900607338804,0.9956370596370597,0.001053001096820716,0.001053001096820716,1.0010576154097806,1.0010576154097806,0.9961635601854701,0.001053001096820716,1.0,знак совпадает
10,12,канал[10],канал[12],0.9968219567645491,0.995818787818788,0.0010031689457611348,0.0010031689457611348,1.0010073810195512,1.0010073810195512,0.9963203722916685,0.0010031689457611348,1.0,знак совпадает
10,13,канал[10],канал[13],0.996133492880792,0.9951678231678234,0.0009656697129686309,0.0009656697129686309,1.0009703586575927,1.0009703586575927,0.9956506580243076,0.0009656697129686309,1.0,знак совпадает
10,14,канал[10],канал[14],0.9964920717407804,0.9956709356709358,0.0008211360698445747,0.0008211360698445747,1.0008247062763675,1.0008247062763675,0.9960815037058581,0.0008211360698445747,1.0,знак совпадает
10,15,канал[10],канал[15],0.996842303564911,0.9958530838530839,0.000989219711827083,0.000989219711827083,1.0009933390053878,1.0009933390053878,0.9963476937089975,0.000989219711827083,1.0,знак совпадает
10,16,канал[10],канал[16],0.9915760029294756,0.9892305892305893,0.0023454136988863006,0.0023454136988863006,1.0023709474054079,1.0023709474054079,0.9904032960800324,0.0023454136988863006,1.0,знак совпадает
10,17,канал[10],канал[17],0.9913370287832003,0.9888969168969168,0.002440111886283458,0.002440111886283458,1.0024675088420139,1.0024675088420139,0.9901169728400585,0.002440111886283458,1.0,знак совпадает
10,18,канал[10],канал[18],0.9910120404472794,0.9881120441120441,0.0028999963352352998,0.0028999963352352998,1.00293488613211,1.00293488613211,0.9895620422796618,0.0028999963352352998,1.0,знак совпадает
10,19,канал[10],канал[19],-0.10420443685581568,-0.1024947664947665,-0.0017096703610491731,0.0017096703610491731,1.0166805625254678,1.0166805625254678,0.10334960167529109,0.0017096703610491731,1.0,знак совпадает
11,12,канал[11],канал[12],0.9968714537026482,0.9962626202626204,0.0006088334400278228,0.0006088334400278228,1.0006111174178827,1.0006111174178827,0.9965670369826343,0.0006088334400278228,1.0,знак совпадает
11,13,канал[11],канал[13],0.9967357986796074,0.9957259557259558,0.0010098429536515852,0.0010098429536515852,1.0010141775935884,1.0010141775935884,0.9962308772027816,0.0010098429536515852,1.0,знак совпадает
11,14,канал[11],канал[14],0.9962782947327834,0.9955124875124874,0.0007658072202959554,0.0007658072202959554,1.0007692592809252,1.0007692592809252,0.9958953911226354,0.0007658072202959554,1.0,знак совпадает
11,15,канал[11],канал[15],0.9973879458723297,0.9966943086943088,0.000693637178020956,0.000693637178020956,1.0006959377333353,1.0006959377333353,0.9970411272833193,0.000693637178020956,1.0,знак совпадает
11,16,канал[11],канал[16],0.991901554725366,0.989047697047697,0.0028538576776689917,0.0028538576776689917,1.002885460110961,1.002885460110961,0.9904746258865316,0.0028538576776689917,1.0,знак совпадает
11,17,канал[11],канал[17],0.991620661208641,0.9896557856557857,0.001964875552855294,0.001964875552855294,1.001985413091435,1.001985413091435,0.9906382234322133,0.001964875552855294,1.0,знак совпадает
11,18,канал[11],канал[18],0.9905656193517957,0.9873185913185913,0.0032470280332043133,0.0032470280332043133,1.0032887338107022,1.0032887338107022,0.9889421053351934,0.0032470280332043133,1.0,знак совпадает
11,19,канал[11],канал[19],-0.10726490956462617,-0.10584856584856585,-0.0014163437160603226,0.0014163437160603226,1.0133808493738747,1.0133808493738747,0.10655673770659602,0.0014163437160603226,1.0,знак совпадает
12,13,канал[12],канал[13],0.9962690907390958,0.9954088434088436,0.0008602473302521396,0.0008602473302521396,1.000864215076999,1.000864215076999,0.9958389670739697,0.0008602473302521396,1.0,знак совпадает
12,14,канал[12],канал[14],0.996617898784386,0.9958910638910641,0.000726834893321926,0.000726834893321926,1.000729833733503,1.000729833733503,0.996254481337725,0.000726834893321926,1.0,знак совпадает
12,15,канал[12],канал[15],0.9969386226753534,0.9962556002556002,0.0006830224197531543,0.0006830224197531543,1.0006855895410554,1.0006855895410554,0.9965971114654768,0.0006830224197531543,1.0,знак совпадает
12,16,канал[12],канал[16],0.9918762404288303,0.9894446694446695,0.0024315709841608024,0.0024315709841608024,1.0024575108232434,1.0024575108232434,0.9906604549367499,0.0024315709841608024,1.0,знак совпадает
12,17,канал[12],канал[17],0.9915184123026911,0.9893352773352774,0.0021831349674137357,0.0021831349674137357,1.0022066684747095,1.0022066684747095,0.9904268448189842,0.0021831349674137357,1.0,знак совпадает
12,18,канал[12],канал[18],0.9908385598717127,0.9880710160710162,0.002767543800696437,0.002767543800696437,1.0028009563641502,1.0028009563641502,0.9894547879713644,0.002767543800696437,1.0,знак совпадает
12,19,канал[12],канал[19],-0.10630299815314417,-0.10275870675870677,-0.0035442913944374044,0.0035442913944374044,1.0344913974322385,1.0344913974322385,0.10453085245592547,0.0035442913944374044,1.0,знак совпадает
13,14,канал[13],канал[14],0.9958042782336277,0.9950078030078031,0.0007964752258246,0.0007964752258246,1.0008004713364227,1.0008004713364227,0.9954060406207155,0.0007964752258246,1.0,знак совпадает
13,15,канал[13],канал[15],0.9969500621428182,0.9961445401445401,0.0008055219982781026,0.0008055219982781026,1.0008086396760867,1.0008086396760867,0.9965473011436792,0.0008055219982781026,1.0,знак совпадает
13,16,канал[13],канал[16],0.9921757857332362,0.9897464817464817,0.0024293039867544497,0.0024293039867544497,1.0024544709494372,1.0024544709494372,0.990961133739859,0.0024293039867544497,1.0,знак совпадает
13,17,канал[13],канал[17],0.9913638787491307,0.9892790932790934,0.0020847854700373203,0.0020847854700373203,1.002107378478127,1.002107378478127,0.9903214860141121,0.0020847854700373203,1.0,знак совпадает
13,18,канал[13],канал[18],0.9911664532540856,0.9882508842508845,0.002915569003201113,0.002915569003201113,1.0029502316159435,1.0029502316159435,0.989708668752485,0.002915569003201113,1.0,знак совпадает
13,19,канал[13],канал[19],-0.10763223654845289,-0.10583601383601385,-0.0017962227124390384,0.0017962227124390384,1.0169717532561475,1.0169717532561475,0.10673412519223337,0.0017962227124390384,1.0,знак совпадает
14,15,канал[14],канал[15],0.9964471549394087,0.9956164916164917,0.0008306633229170357,0.0008306633229170357,1.0008343205741483,1.0008343205741483,0.9960318232779501,0.0008306633229170357,1.0,знак совпадает
14,16,канал[14],канал[16],0.9911385824070807,0.9891615891615894,0.0019769932454913874,0.0019769932454913874,1.0019986554948692,1.0019986554948692,0.990150085784335,0.0019769932454913874,1.0,знак совпадает
14,17,канал[14],канал[17],0.9911691532350076,0.9887621327621328,0.002407020472874888,0.002407020472874888,1.0024343776861182,1.0024343776861182,0.9899656429985702,0.002407020472874888,1.0,знак совпадает
14,18,канал[14],канал[18],0.9904063979995031,0.9881796161796162,0.0022267818198868916,0.0022267818198868916,1.002253418086578,1.002253418086578,0.9892930070895597,0.0022267818198868916,1.0,знак совпадает
14,19,канал[14],канал[19],-0.10404348530072506,-0.10432248832248833,0.00027900302176327163,0.00027900302176327163,0.9973255716360906,0.9973255716360906,0.1041829868116067,-0.00027900302176327163,1.0,знак совпадает
15,16,канал[15],канал[16],0.9914127702612121,0.9886396126396126,0.0027731576215994647,0.0027731576215994647,1.0028050237782757,1.0028050237782757,0.9900261914504124,0.0027731576215994647,1.0,знак совпадает
15,17,канал[15],канал[17],0.9926268444295331,0.9907024627024628,0.0019243817270703234,0.0019243817270703234,1.0019424416507665,1.0019424416507665,0.9916646535659979,0.0019243817270703234,1.0,знак совпадает
15,18,канал[15],канал[18],0.9905043065023021,0.9873610593610594,0.0031432471412427,0.0031432471412427,1.0031834829938266,1.0031834829938266,0.9889326829316808,0.0031432471412427,1.0,знак совпадает
15,19,канал[15],канал[19],-0.11193680435559578,-0.11341291741291742,0.0014761130573216485,0.0014761130573216485,0.986984612590933,0.986984612590933,0.1126748608842566,-0.0014761130573216485,1.0,знак совпадает
16,17,канал[16],канал[17],0.9761697851006044,0.9697634377634379,0.006406347337166496,0.006406347337166496,1.0066060928755383,1.0066060928755383,0.9729666114320211,0.006406347337166496,1.0,знак совпадает
16,18,канал[16],канал[18],0.9966658069425093,0.9958608958608959,0.000804911081613402,0.000804911081613402,1.000808256539602,1.000808256539602,0.9962633514017025,0.000804911081613402,1.0,знак совпадает
16,19,канал[16],канал[19],-0.10968270607028975,-0.10556226956226956,-0.004120436508020187,0.004120436508020187,1.0390332315239736,1.0390332315239736,0.10762248781627966,0.004120436508020187,1.0,знак совпадает
17,18,канал[17],канал[18],0.9747427688414666,0.9677486237486237,0.006994145092842907,0.006994145092842907,1.0072272333136996,1.0072272333136996,0.9712456962950451,0.006994145092842907,1.0,знак совпадает
17,19,канал[17],канал[19],-0.09732432796569844,-0.09947833547833548,0.0021540075126370434,0.0021540075126370434,0.9783469686914278,0.9783469686914278,0.09840133172201695,-0.0021540075126370434,1.0,знак совпадает
18,19,канал[18],канал[19],-0.1140368116715286,-0.11057652257652258,-0.0034602890950060222,0.0034602890950060222,1.031293162548238,1.031293162548238,0.1123066671240256,0.0034602890950060222,1.0,знак совпадает
